"Row","Date","R_medio","R_Quantile0.025","R_Quantile0.975"
"1",2020-02-04,3.01198458933535,2.59995746391547,3.45387280527751
"2",2020-02-05,2.44803121621171,2.12206228982965,2.79694898619399
"3",2020-02-06,1.97017079608941,1.7065706387388,2.25242476365284
"4",2020-02-07,1.61392523895326,1.39370125052176,1.85006652458652
"5",2020-02-08,1.24378552776463,1.06177102524519,1.43998730461309
"6",2020-02-09,1.02390983307129,0.865082276600456,1.19592546727337
"7",2020-02-10,1.19809136441846,1.02900037559907,1.37985630897528
"8",2020-02-11,1.16719541807983,1.00334262300108,1.34325895963402
"9",2020-02-12,1.26999314894038,1.10128854793882,1.45054455736678
"10",2020-02-13,1.35398511035389,1.18246586069005,1.53695095543505
"11",2020-02-14,1.55358030283107,1.37312964121277,1.74500919470852
"12",2020-02-15,2.14209448636287,1.93526407737682,2.35927448014006
"13",2020-02-16,2.22576029605255,2.02548905499947,2.43533749977753
"14",2020-02-17,2.30420433152693,2.11288958516475,2.50369188635926
"15",2020-02-18,2.47241191303862,2.28763501822271,2.66426281915278
"16",2020-02-19,2.37549641856611,2.20817811113964,2.54883813095543
"17",2020-02-20,2.94677419418318,2.77425571738971,3.12442293079006
"18",2020-02-21,2.94668601259191,2.79008208773078,3.10750566361293
"19",2020-02-22,2.82871520766305,2.69024543702455,2.97061094087207
"20",2020-02-23,2.87659304658236,2.75035197717505,3.0056270151554
"21",2020-02-24,2.90803044188831,2.79345174650485,3.02487976211991
"22",2020-02-25,2.95953398595073,2.85535634849614,3.06555211266488
"23",2020-02-26,2.82335349608035,2.73185809004585,2.91633492275219
"24",2020-02-27,2.56625925851819,2.4875650869364,2.64616178036483
"25",2020-02-28,2.56607904814472,2.49443647802125,2.63872179660404
"26",2020-02-29,2.41060218496447,2.34722465810987,2.47481222923609
"27",2020-03-01,2.69583846576239,2.63428029715364,2.75809771787582
"28",2020-03-02,2.60331004883764,2.54815733925925,2.65904504955616
"29",2020-03-03,2.49012239300074,2.44090230719005,2.53982697127814
"30",2020-03-04,2.31751642479307,2.27403224698672,2.36140671321842
"31",2020-03-05,2.25421875692185,2.21468296852798,2.29409946898669
"32",2020-03-06,2.1684810743464,2.13258623343487,2.20467133023168
"33",2020-03-07,2.12156958463006,2.08856402229846,2.15483031416122
"34",2020-03-08,1.97367285503589,1.94399224133947,2.00357521986821
"35",2020-03-09,1.95957493673608,1.93183413275325,1.98751076122451
"36",2020-03-10,2.04460965258783,2.01795882376402,2.07143289521557
"37",2020-03-11,1.96069957643115,1.93619963623817,1.9853514185429
"38",2020-03-12,1.86840548895117,1.84590431139687,1.89104109325315
"39",2020-03-13,1.79838923617895,1.77754052033551,1.8193578257226
"40",2020-03-14,1.68638248885949,1.66724479178483,1.70562788683843
"41",2020-03-15,1.62540506277767,1.60750128270374,1.64340662326183
"42",2020-03-16,1.52327107531178,1.50668782728161,1.53994383059797
"43",2020-03-17,1.3464392437343,1.33144569255228,1.36151558386156
"44",2020-03-18,1.28406287534323,1.26986377311794,1.29833982938833
"45",2020-03-19,1.20100618012118,1.18761456134926,1.21447184021655
"46",2020-03-20,1.17911451476575,1.16610227275447,1.19219795624277
"47",2020-03-21,1.11376686147086,1.1013247497284,1.1262778942299
"48",2020-03-22,1.02144396053252,1.00967522768485,1.0332799412329
"49",2020-03-23,0.975166213092486,0.963748592407427,0.986650138814319
"50",2020-03-24,0.93497838087777,0.923831423026502,0.946191260875357
"51",2020-03-25,0.903016686459385,0.892055199462638,0.914044183530732
"52",2020-03-26,0.876033210834983,0.865197707572853,0.886935209933051
"53",2020-03-27,0.801597256078508,0.79116926378471,0.812092577133668
"54",2020-03-28,0.794088384607494,0.783601639807298,0.80464386958747
"55",2020-03-29,0.766876950074152,0.756440252755744,0.777384163117331
"56",2020-03-30,0.761897517426252,0.751337051128879,0.772530662831383
"57",2020-03-31,0.75235618025727,0.741687530749916,0.763099958248264
"58",2020-04-01,0.785661734228835,0.774563856419625,0.796837458990967
"59",2020-04-02,0.787581630358892,0.776278478582746,0.798965347785809
"60",2020-04-03,0.781421821218502,0.76997239880201,0.792954572049748
"61",2020-04-04,0.773630671634763,0.762044773659718,0.785302769652907
"62",2020-04-05,0.78381386181876,0.771949290459125,0.795767662552912
"63",2020-04-06,0.755866045177424,0.744016271864359,0.76780814132601
"64",2020-04-07,0.767022439936453,0.754869069065026,0.779271520460523
"65",2020-04-08,0.712788317224495,0.700861577279461,0.724814287857117
"66",2020-04-09,0.713518967076717,0.701343339977599,0.725797920813386
"67",2020-04-10,0.74117589517182,0.72849982755636,0.753959780795605
"68",2020-04-11,0.736197955400109,0.72330008669045,0.749208226466033
"69",2020-04-12,0.749658130581189,0.736369445458257,0.763064002812483
"70",2020-04-13,0.740563872468969,0.727086361689919,0.754163433511011
"71",2020-04-14,0.75433321742112,0.74045096616555,0.768342608876705
"72",2020-04-15,0.781209586742853,0.766798216951719,0.795753262336491
"73",2020-04-16,0.792217430899076,0.777432940604452,0.807139246620491
"74",2020-04-17,0.759377901824722,0.744649727932437,0.774248302709145
"75",2020-04-18,0.776856232211509,0.761686472876636,0.792173490065323
"76",2020-04-19,0.762883288480549,0.747582717330621,0.778336701863131
"77",2020-04-20,0.817428331588948,0.801298935923636,0.833716217315629
"78",2020-04-21,0.796150133811287,0.779974184217871,0.812489798136434
"79",2020-04-22,0.759187856644423,0.743138833617222,0.77540595113465
"80",2020-04-23,0.74545677442818,0.7292772107398,0.761811385911895
"81",2020-04-24,0.723521223057329,0.707286616173229,0.739937481027733
"82",2020-04-25,0.712400022081174,0.695968145127048,0.729020956188171
"83",2020-04-26,0.710017045923433,0.693263685676163,0.726967645543496
"84",2020-04-27,0.665083481459615,0.648514409025976,0.681858648565402
"85",2020-04-28,0.657463476954516,0.640590076058628,0.674553171941763
"86",2020-04-29,0.641549375830948,0.624453173141072,0.658873243261365
"87",2020-04-30,0.627801701078101,0.610429529044117,0.645414218943115
"88",2020-05-01,0.626721579252383,0.608866621278267,0.644830970162156
"89",2020-05-02,0.618091373393513,0.599837727252932,0.6366147971204
"90",2020-05-03,0.617008889115503,0.598217680244626,0.636086634628454
"91",2020-05-04,0.581218765344195,0.562422226824775,0.600319948085736
"92",2020-05-05,0.586931411734451,0.567426471634262,0.606761345770604
"93",2020-05-06,0.584068073849994,0.563964423271875,0.604518878059568
"94",2020-05-07,0.584766889722529,0.56397185856069,0.605933134243653
"95",2020-05-08,0.595412283298848,0.573713413515069,0.617508288445835
"96",2020-05-09,0.594276722562766,0.571867740037283,0.617110341585492
"97",2020-05-10,0.621415910209088,0.597725460630977,0.645560320129705
"98",2020-05-11,0.630665566948697,0.606022143678908,0.655793237753547
"99",2020-05-12,0.633085934476362,0.607616698538108,0.65907074278453
"100",2020-05-13,0.643716118398706,0.617238149683774,0.670742358606679
"101",2020-05-14,0.647439395273785,0.620086682726035,0.675374170657469
"102",2020-05-15,0.642896251538868,0.614838342655006,0.671571391928906
"103",2020-05-16,0.67045750924297,0.640959214920112,0.700610107815172
"104",2020-05-17,0.66772602790363,0.637463810745789,0.6986801638695
"105",2020-05-18,0.677082391359826,0.645771862313182,0.709123717328928
"106",2020-05-19,0.664825087104063,0.632977035795308,0.697443840153669
"107",2020-05-20,0.675444124245228,0.6424840307837,0.709217076230662
"108",2020-05-21,0.675123854327186,0.64130878915926,0.709795469719003
"109",2020-05-22,0.649630700894373,0.615608741983764,0.684554811104407
"110",2020-05-23,0.650189000187856,0.61524141226916,0.68608835657048
"111",2020-05-24,0.649321368658809,0.613450223652863,0.686197367433858
"112",2020-05-25,0.649432240229429,0.612577076024563,0.687348790948925
"113",2020-05-26,0.652378770523681,0.614425096731487,0.691453791217751
"114",2020-05-27,0.647091193545134,0.608264230682008,0.687102410969395
"115",2020-05-28,0.654620392629506,0.614492744227449,0.69599926329018
"116",2020-05-29,0.662564203925118,0.621096411130348,0.705353053816427
"117",2020-05-30,0.678227958924114,0.635150558001193,0.722698712323395
"118",2020-05-31,0.69389078456636,0.649194236157345,0.740054225692497
"119",2020-06-01,0.686553571841039,0.641010623541713,0.733637315910423
"120",2020-06-02,0.642918583421322,0.597812046238738,0.689642342529307
"121",2020-06-03,0.633600756005999,0.587687518411853,0.681216278948102
"122",2020-06-04,0.637954569294255,0.590660442738536,0.687044166751342
"123",2020-06-05,0.675349792337423,0.625356209352626,0.727238460864441
"124",2020-06-06,0.689920491528332,0.638089525577196,0.743746536724223
"125",2020-06-07,0.727537506395379,0.673002836281576,0.784166443837457
"126",2020-06-08,0.73710108542753,0.681007212733387,0.795383261377547
"127",2020-06-09,0.819785855409535,0.759363022586632,0.882488807357686
"128",2020-06-10,0.823673678006184,0.762116029071976,0.887588004188852
"129",2020-06-11,0.83689098644275,0.773971604542397,0.902234149894032
"130",2020-06-12,0.840397561937636,0.776589638846413,0.906688778908423
"131",2020-06-13,0.845547594439478,0.780852021010238,0.912781271146554
"132",2020-06-14,0.869479853065338,0.803209973553547,0.938339157883782
"133",2020-06-15,0.860874330257628,0.794383422723932,0.929999437755155
"134",2020-06-16,0.860419552952247,0.793431386747561,0.930083754096338
"135",2020-06-17,0.844698888341887,0.777850254363168,0.914263859546827
"136",2020-06-18,0.847800893700003,0.780312832549334,0.918048053982457
"137",2020-06-19,0.818216195547391,0.751433065014384,0.88780176749201
"138",2020-06-20,0.823842185233765,0.756239953997464,0.894297074296184
"139",2020-06-21,0.820641521915796,0.752567174059719,0.891621172582611
"140",2020-06-22,0.797126890967773,0.729437395383718,0.867776757393269
"141",2020-06-23,0.775454218225028,0.70803534255695,0.84589517209928
"142",2020-06-24,0.808273061720968,0.738628165083137,0.881010673221
"143",2020-06-25,0.807596723325595,0.737241729527318,0.881112063804858
"144",2020-06-26,0.846560952473381,0.773760586372774,0.922587502134488
"145",2020-06-27,0.855921573619069,0.782098116376714,0.933026693038926
"146",2020-06-28,0.854390757706402,0.780109049112939,0.932002173750977
"147",2020-06-29,0.878268650035725,0.80244269996933,0.957468771818893
"148",2020-06-30,0.878586784923219,0.802354572930122,0.958228969708627
"149",2020-07-01,0.921176917726316,0.842727545444574,1.00306759812418
"150",2020-07-02,0.938836326740941,0.859417249220374,1.02171492610865
"151",2020-07-03,0.889902226876646,0.812533110582624,0.970739444913187
"152",2020-07-04,0.897271267514306,0.81941786173329,0.97860716433895
"153",2020-07-05,0.905966423724706,0.827593631549288,0.987833973605715
"154",2020-07-06,0.915332978868726,0.836463258075634,0.997705060487234
"155",2020-07-07,0.965924600386864,0.884828796352821,1.05052520221917
"156",2020-07-08,0.934233999930353,0.854672658945286,1.01728542733037
"157",2020-07-09,0.929773303477291,0.8505918448253,1.01242818439361
"158",2020-07-10,0.992658425895198,0.910984123616175,1.07778888626593
"159",2020-07-11,1.00070982779264,0.919103675339556,1.08573728770254
"160",2020-07-12,1.01607785024454,0.934365109771652,1.10116694037815
"161",2020-07-13,0.996910409316371,0.916601049585949,1.08054408956368
"162",2020-07-14,0.994852608294204,0.915255870140095,1.07772073492079
"163",2020-07-15,0.968280015354073,0.890411165461647,1.04936638632576
"164",2020-07-16,0.96195090018852,0.884921080717626,1.04214941748481
"165",2020-07-17,0.939969789718453,0.864377641477909,1.01868538630486
"166",2020-07-18,0.941831509804712,0.866604681808213,1.02014466115422
"167",2020-07-19,0.950643535414231,0.875473016894748,1.02886590148273
"168",2020-07-20,0.97789600202894,0.902066037799589,1.05674260648809
"169",2020-07-21,0.971164125126223,0.896154821475031,1.04914510584266
"170",2020-07-22,0.986076068485688,0.911092616893549,1.06398239863959
"171",2020-07-23,1.01090056265599,0.935628641181585,1.08904317130751
"172",2020-07-24,1.0110359444555,0.936570511586401,1.08830930887816
"173",2020-07-25,1.03704185492832,0.962462353539411,1.11436476011192
"174",2020-07-26,0.998218656060802,0.925984215402188,1.07312740940993
"175",2020-07-27,0.981453582569686,0.910726183150068,1.05478825508731
"176",2020-07-28,0.974146575420224,0.904471159781958,1.0463705383497
"177",2020-07-29,0.964281959567008,0.895683061286144,1.03537602926883
"178",2020-07-30,0.937349567439463,0.870396741994274,1.00674791748819
"179",2020-07-31,0.896513262868082,0.831593497888975,0.963838264824167
"180",2020-08-01,0.902671068914808,0.837976219405495,0.969737297774931
"181",2020-08-02,0.914328016553689,0.849671797149724,0.981321413824901
"182",2020-08-03,0.918574064016168,0.854253485540818,0.985196090487094
"183",2020-08-04,0.90399943321292,0.840863186352907,0.969388692389739
"184",2020-08-05,0.927992142703959,0.864831158388662,0.993347562861963
"185",2020-08-06,0.935958003094987,0.87354270005281,1.00049646543897
"186",2020-08-07,0.953211088387438,0.891436531652415,1.01702578818922
"187",2020-08-08,0.953225689991268,0.892810676903392,1.01559055272513
"188",2020-08-09,0.956788151428748,0.897725815587289,1.01770546781397
"189",2020-08-10,0.951189359995035,0.893814817622236,1.01032339166378
"190",2020-08-11,0.959040840910908,0.902919328705887,1.01683048600825
"191",2020-08-12,0.940672943389025,0.886524780146148,0.996403529784495
"192",2020-08-13,0.949730840438162,0.89666199060571,1.00430384790378
"193",2020-08-14,0.966236266679463,0.914001715958926,1.01990181358436
"194",2020-08-15,0.988180868024721,0.936633279414083,1.04108977948671
"195",2020-08-16,1.04385835745221,0.992152364911564,1.09685923794129
"196",2020-08-17,1.18191287757402,1.12825993137859,1.23679459223589
"197",2020-08-18,1.32030061141738,1.26525287316718,1.37650406598023
"198",2020-08-19,1.39739460527703,1.34275814109692,1.45310534525464
"199",2020-08-20,1.42999987789943,1.37690413073891,1.48408604040053
"200",2020-08-21,1.46353757070958,1.41203679343674,1.51594790258248
"201",2020-08-22,1.44907143213436,1.40000411893345,1.49897205578242
"202",2020-08-23,1.42958586020439,1.38288301978978,1.47705346139541
"203",2020-08-24,1.35894927100879,1.31525214523961,1.40335050371579
"204",2020-08-25,1.26866799712841,1.22800603872075,1.30998299854927
"205",2020-08-26,1.20347379226091,1.16513829066073,1.24242113054549
"206",2020-08-27,1.14434523892815,1.10798506526979,1.181284237231
"207",2020-08-28,1.08637568534868,1.051756403642,1.12154771701568
"208",2020-08-29,1.01417255364755,0.981338281592165,1.04753958075644
"209",2020-08-30,0.941429126573362,0.910220294881947,0.973156666069071
"210",2020-08-31,0.900993508989635,0.870716269308098,0.931780979048591
"211",2020-09-01,0.920483584269313,0.889999865779689,0.951473439499483
"212",2020-09-02,0.922131292329499,0.89169794744208,0.953068172103446
"213",2020-09-03,0.925575516976869,0.89513707346954,0.956515759872065
"214",2020-09-04,0.94274554368605,0.912062980298229,0.973928615043804
"215",2020-09-05,0.970386194071324,0.939305374638053,1.00196583912316
"216",2020-09-06,0.991377090546193,0.960042851583809,1.02320748162889
"217",2020-09-07,1.04778730648112,1.01568863057355,1.08037836498616
"218",2020-09-08,1.02407650520461,0.992544675609361,1.05609452005944
"219",2020-09-09,1.02476501032861,0.993421727064409,1.05658830938626
"220",2020-09-10,1.05322197859412,1.02164867365089,1.08526906423542
"221",2020-09-11,1.04035265038695,1.00920914830774,1.07196281422022
"222",2020-09-12,1.04668056686683,1.01567025496633,1.07815068862112
"223",2020-09-13,1.05012943013576,1.01930297673287,1.08140870252209
"224",2020-09-14,1.05041724423919,1.01982673625635,1.08145349135986
"225",2020-09-15,1.08278389336207,1.05196546226007,1.11404106079536
"226",2020-09-16,1.09762351205684,1.06687503469916,1.12880273391431
"227",2020-09-17,1.09876265705024,1.06830325296387,1.12964424413969
"228",2020-09-18,1.118267889416,1.0878503363112,1.14909901372363
"229",2020-09-19,1.13383440634734,1.10354061880028,1.1645326760223
"230",2020-09-20,1.15198853328551,1.12181053235914,1.18256150077348
"231",2020-09-21,1.13895105171175,1.10932425830563,1.16896283690805
"232",2020-09-22,1.1193297547005,1.09032625382705,1.14870866739099
"233",2020-09-23,1.10431584771815,1.07584127855848,1.13315715699597
"234",2020-09-24,1.07994691262747,1.05208855805369,1.10816422912021
"235",2020-09-25,1.08330663278998,1.05566355530788,1.11130200019373
"236",2020-09-26,1.07927110186784,1.05192160239157,1.10696670676284
"237",2020-09-27,1.08832751746945,1.06109223283718,1.11590311255837
"238",2020-09-28,1.13542070103022,1.10783386803052,1.16334208217978
"239",2020-09-29,1.16655022525982,1.13886883211551,1.19455938158779
"240",2020-09-30,1.26105772862062,1.23261323380898,1.28982218138362
"241",2020-10-01,1.43266637202487,1.40282697980895,1.46281542718781
"242",2020-10-02,1.53420736409155,1.50406324322241,1.56464641461622
"243",2020-10-03,1.62840009573021,1.5982958052792,1.6587813609466
"244",2020-10-04,1.67428617708118,1.64488253712639,1.70394668847691
"245",2020-10-05,1.75625028271982,1.72736468453039,1.78537207957842
"246",2020-10-06,1.78413545710796,1.75633982349213,1.81214628861076
"247",2020-10-07,1.79637836076559,1.76982514407137,1.82312655116482
"248",2020-10-08,1.7592281557506,1.7342495748931,1.78438286385174
"249",2020-10-09,1.74951176315179,1.72581753337171,1.77336530163574
"250",2020-10-10,1.75314816153669,1.73057320469672,1.77586738373283
"251",2020-10-11,1.70150084765039,1.68033273168024,1.72279963024666
"252",2020-10-12,1.72027150841205,1.69997421787455,1.74068758697468
"253",2020-10-13,1.71791479204635,1.6985717963645,1.73736578747357
"254",2020-10-14,1.70068547382058,1.68232882329443,1.71914035319179
"255",2020-10-15,1.69678401672411,1.67928335568677,1.71437414310807
"256",2020-10-16,1.69773222635533,1.68101638512309,1.71452962410816
"257",2020-10-17,1.66372396445436,1.64792029314513,1.67960201148318
"258",2020-10-18,1.65399838567026,1.6389293681638,1.6691354092103
"259",2020-10-19,1.65185001668118,1.63743596832743,1.66632635684951
"260",2020-10-20,1.67437788196479,1.66048072378937,1.68833215330779
"261",2020-10-21,1.64916521577603,1.63596455444265,1.66241818909731
"262",2020-10-22,1.60532702411046,1.59285288154251,1.61784914902172
"263",2020-10-23,1.56751727056358,1.55569027118543,1.57938843835382
"264",2020-10-24,1.52376967262793,1.51255879650116,1.53502137075636
"265",2020-10-25,1.48794900388184,1.4772731789347,1.4986627350102
"266",2020-10-26,1.4655154764478,1.45528265281487,1.47578365536203
"267",2020-10-27,1.40548230826348,1.39578718703327,1.41521052100982
"268",2020-10-28,1.38025685418403,1.37093486909673,1.38960998951003
"269",2020-10-29,1.34303644176275,1.334095845263,1.35200648443332
"270",2020-10-30,1.30889428955608,1.30029339081354,1.31752314901109
"271",2020-10-31,1.25603850309901,1.2478102699121,1.26429340309312
"272",2020-11-01,1.24421806377946,1.23619720146383,1.25226450511634
"273",2020-11-02,1.22467211162567,1.21686515468237,1.23250368735234
"274",2020-11-03,1.19689129227545,1.18930824705778,1.204498102996
"275",2020-11-04,1.16981733839747,1.16243902942849,1.17721866729298
"276",2020-11-05,1.153781941465,1.14655744339068,1.16102881593357
"277",2020-11-06,1.13839497960259,1.13130982697121,1.14550194424959
"278",2020-11-07,1.13309191998085,1.12610425710408,1.14010089744079
"279",2020-11-08,1.08884299567779,1.08206645042557,1.09564040224758
"280",2020-11-09,1.0629693819993,1.05633207827925,1.06962718588406
"281",2020-11-10,1.05882124265113,1.05224209678909,1.06542060960252
"282",2020-11-11,1.03116066547996,1.02470565272733,1.03763566607897
"283",2020-11-12,1.00824898903399,1.00189315608936,1.0146246411153
"284",2020-11-13,0.988890749961154,0.982612889263809,0.99518832545091
"285",2020-11-14,0.975372368470799,0.969144692173156,0.981619714872336
"286",2020-11-15,0.966348960369207,0.960149471478364,0.972568124017454
"287",2020-11-16,0.943100200367095,0.936969195962709,0.949250922434278
"288",2020-11-17,0.90591186076199,0.899888368303099,0.911955168159284
"289",2020-11-18,0.895337382520183,0.889322024931347,0.901372735645867
"290",2020-11-19,0.868086330739787,0.862128036719352,0.87406486003477
"291",2020-11-20,0.852773318284245,0.846822123677177,0.858745063638506
"292",2020-11-21,0.825472234310485,0.819563136409886,0.831402265215134
"293",2020-11-22,0.799433705529433,0.793554331513106,0.805334479537715
"294",2020-11-23,0.781242545815541,0.775354888126611,0.78715216552524
"295",2020-11-24,0.774612894573441,0.768663875087677,0.780584529763641
"296",2020-11-25,0.76663632439947,0.760623790458664,0.772672201779148
"297",2020-11-26,0.774904399390893,0.768757297198592,0.781075642362473
"298",2020-11-27,0.768346792752099,0.76212101925808,0.774597542343105
"299",2020-11-28,0.788023159395382,0.781607389046575,0.794464791751211
"300",2020-11-29,0.795346817420677,0.788791595703386,0.801928790349434
"301",2020-11-30,0.809240331474043,0.802518950339993,0.815989355184749
"302",2020-12-01,0.849099805687973,0.842106446699232,0.856121683847346
"303",2020-12-02,0.86592640541601,0.858766787866146,0.873115333892279
"304",2020-12-03,0.881860599197196,0.87454748958477,0.889203737778878
"305",2020-12-04,0.896984349704759,0.889529756926505,0.90446961878781
"306",2020-12-05,0.903079998787977,0.895530066360583,0.910661185577389
"307",2020-12-06,0.917266835014019,0.909593609732118,0.924971844551321
"308",2020-12-07,0.914709040465535,0.906989916644535,0.922460421046872
"309",2020-12-08,0.884916074102465,0.877271202174462,0.892593653672684
"310",2020-12-09,0.891739586586198,0.884005211078355,0.899507184474446
"311",2020-12-10,0.91000815291226,0.902132695884042,0.917917363565207
"312",2020-12-11,0.9081575553007,0.900232418654276,0.916116943644148
"313",2020-12-12,0.920951953783386,0.912914207244952,0.929024442867797
"314",2020-12-13,0.937103859824466,0.928942964358421,0.945299952951247
"315",2020-12-14,0.956340909992024,0.948050290733383,0.964667123396577
"316",2020-12-15,0.978504290337337,0.970080779103941,0.986963712603151
"317",2020-12-16,0.976965504517524,0.968523189720757,0.985443948255853
"318",2020-12-17,0.964112516926916,0.955706094637783,0.972555240575623
"319",2020-12-18,0.972396325735124,0.963932684787366,0.980896450143731
"320",2020-12-19,0.971582333783397,0.963103545392774,0.980097767433128
"321",2020-12-20,0.997994262179985,0.989382635272333,1.00664268936315
"322",2020-12-21,0.995812370047744,0.987201067547825,1.00446055101684
"323",2020-12-22,1.00524197062368,0.996584268581027,1.01393659930923
"324",2020-12-23,1.02088511573041,1.01215946177893,1.02964770230522
"325",2020-12-24,1.04744116613338,1.03860939322979,1.0563098140613
"326",2020-12-25,1.04383931878119,1.03504191216461,1.05267344018544
"327",2020-12-26,1.06439670577919,1.05553689630031,1.07329303167204
"328",2020-12-27,1.08218148603009,1.07328124470321,1.09111797042028
"329",2020-12-28,1.12062881179416,1.11161576294413,1.12967774985902
"330",2020-12-29,1.12385112500085,1.11488671968118,1.13285093023155
"331",2020-12-30,1.12015614440549,1.11127673876332,1.12907039553359
"332",2020-12-31,1.10384361197871,1.09510174911389,1.11261974815908
"333",2021-01-01,1.11572180223575,1.1070019226657,1.1244754181732
"334",2021-01-02,1.10717333264417,1.09855765365744,1.11582220026539
"335",2021-01-03,1.08191272243987,1.07346373662,1.09039437071824
"336",2021-01-04,1.05846380349547,1.05016513647688,1.06679467966558
"337",2021-01-05,1.0469018792809,1.03869543985537,1.05514016375013
"338",2021-01-06,1.0125769497303,1.00454379767369,1.02064165202379
"339",2021-01-07,0.99380117168984,0.985865809827991,1.00176790277416
"340",2021-01-08,0.963480607743024,0.955677975450686,0.971314524848808
"341",2021-01-09,0.92983586166834,0.922166816199368,0.937536225771205
"342",2021-01-10,0.902736153246473,0.895159406327476,0.910344389432578
"343",2021-01-11,0.858921955925128,0.851496225893375,0.866379479348824
"344",2021-01-12,0.825256100867597,0.817922913568737,0.832621562773972
"345",2021-01-13,0.815216028935947,0.807853560517115,0.822611433267706
"346",2021-01-14,0.800907921690022,0.793523444132506,0.808326127453504
"347",2021-01-15,0.798167196418866,0.79069629418432,0.805672741910743
"348",2021-01-16,0.80127440767555,0.793681424146428,0.808903039206252
"349",2021-01-17,0.80146433232128,0.79375833488957,0.809207040652452
"350",2021-01-18,0.813692678239386,0.805811480642517,0.821611699258561
"351",2021-01-19,0.83138148747838,0.823297932706338,0.839503987032451
"352",2021-01-20,0.86544278119097,0.857080587830125,0.873845008995555
"353",2021-01-21,0.883983186974191,0.87542902436131,0.892578364885779
"354",2021-01-22,0.90421462581908,0.895471307195791,0.912999834830272
"355",2021-01-23,0.931469147586848,0.922514787048366,0.940466158397675
"356",2021-01-24,0.954026773105097,0.944899475512965,0.963197335532058
"357",2021-01-25,0.96877683635067,0.959529710563371,0.978067693824978
"358",2021-01-26,0.973275033138253,0.96397036035633,0.982623779295815
"359",2021-01-27,0.965476620828484,0.956181995767865,0.974815580826867
"360",2021-01-28,0.972676338993738,0.963321447297973,0.982075809788107
"361",2021-01-29,0.96615630556072,0.956811190382541,0.975546208139811
"362",2021-01-30,0.958020879984805,0.948693341299748,0.967393418083463
"363",2021-01-31,0.952640833176388,0.94331490156382,0.96201200394362
"364",2021-02-01,0.978304428269593,0.968825134196453,0.987829233260196
"365",2021-02-02,0.993896966026029,0.984321209731186,1.00351843435575
"366",2021-02-03,1.00738588631493,0.997732982799717,1.01708461820943
"367",2021-02-04,1.0147631458694,1.00507177299162,1.02450037657669
"368",2021-02-05,1.02993119632406,1.02017165913087,1.03973655210834
"369",2021-02-06,1.0457576416835,1.03593666807425,1.0556243084598
"370",2021-02-07,1.05619426404178,1.04634808041682,1.06608592033056
"371",2021-02-08,1.03631180414175,1.02659116384409,1.04607761652042
"372",2021-02-09,1.0282544213376,1.01860093444817,1.03795280761316
"373",2021-02-10,1.03537902680844,1.02571757432834,1.04508514206962
"374",2021-02-11,1.02698004065329,1.01738419979639,1.03662030033194
"375",2021-02-12,1.01881676311829,1.00928263535632,1.02839509186067
"376",2021-02-13,1.00441281229407,0.99496565021405,1.01390399607491
"377",2021-02-14,1.00457273334333,0.995137017512636,1.01405235699311
"378",2021-02-15,1.01848349504769,1.00899155339149,1.02801926089348
"379",2021-02-16,1.0388350415193,1.02926077212117,1.04845302286538
"380",2021-02-17,1.06011386299957,1.05046262931821,1.06980862023523
"381",2021-02-18,1.10327776654167,1.09346438343927,1.11313438297505
"382",2021-02-19,1.13906828558763,1.12915120413811,1.14902812759832
"383",2021-02-20,1.19129514606753,1.18123146918805,1.20140092115378
"384",2021-02-21,1.2192264181031,1.20915436694843,1.2293396677025
"385",2021-02-22,1.25432955652232,1.24424704012826,1.2644521972193
"386",2021-02-23,1.26894625349088,1.25896198285377,1.27896941378264
"387",2021-02-24,1.26791614516022,1.25810661852503,1.27776324012283
"388",2021-02-25,1.25209112054025,1.24251717545763,1.26170130183044
"389",2021-02-26,1.2442873667422,1.23491208992605,1.25369760748812
"390",2021-02-27,1.21586967470076,1.20676322664524,1.2250098805485
"391",2021-02-28,1.19385043183326,1.18497353217736,1.20275999960341
"392",2021-03-01,1.21586585497226,1.20704151199326,1.22472189305171
"393",2021-03-02,1.21328067010269,1.20459952600288,1.2219925527674
"394",2021-03-03,1.20702274906524,1.19849504078176,1.21558027138359
"395",2021-03-04,1.20118738737727,1.19280686612147,1.20959684099138
"396",2021-03-05,1.20087547532144,1.19261798598009,1.20916105965537
"397",2021-03-06,1.19667263574477,1.1885483507066,1.20482421100203
"398",2021-03-07,1.19154050000316,1.18354862441813,1.19955889617085
"399",2021-03-08,1.16290603811085,1.15512063476882,1.17071722896113
"400",2021-03-09,1.13772667486543,1.13012435442315,1.14535412825532
"401",2021-03-10,1.13508677163571,1.12757947905258,1.14261862894693
"402",2021-03-11,1.11652045102348,1.10915391171959,1.12391103568353
"403",2021-03-12,1.09687071933701,1.08963932147424,1.10412570344809
"404",2021-03-13,1.07612884798764,1.06902626312229,1.08325462494758
"405",2021-03-14,1.05959508441761,1.05259709230404,1.06661594195564
"406",2021-03-15,1.04297440942983,1.03607204219353,1.04989937610715
"407",2021-03-16,1.02906676062528,1.02224227381559,1.03591363849408
"408",2021-03-17,1.00128048975857,0.994572625228997,1.00801058767135
"409",2021-03-18,0.991329840388536,0.984668534575161,0.99801329232319
"410",2021-03-19,0.977364782409612,0.970756183490686,0.983995490286696
"411",2021-03-20,0.977379263655225,0.970768990532719,0.984011656629299
"412",2021-03-21,0.969261974251176,0.962674028565144,0.975872074980581
"413",2021-03-22,0.959821455354014,0.953256582458112,0.966408545237498
"414",2021-03-23,0.960781113280797,0.95419947231586,0.967385062684995
"415",2021-03-24,0.956170422131051,0.949589166261057,0.962774091752164
"416",2021-03-25,0.95738866859235,0.950785472680541,0.964014399393566
"417",2021-03-26,0.952349704457042,0.945745406203353,0.958976664821829
"418",2021-03-27,0.935238523371828,0.928673790329452,0.941826058439984
"419",2021-03-28,0.92803719928912,0.921472679447734,0.934624697219723
"420",2021-03-29,0.912946215546996,0.906406218899348,0.919509396955981
"421",2021-03-30,0.900854887754276,0.894323602703617,0.907409607205187
"422",2021-03-31,0.879546424198531,0.873052628625604,0.88606394872193
"423",2021-04-01,0.872789715820382,0.866272383419439,0.879331135532608
"424",2021-04-02,0.858348038505615,0.851830648738964,0.864889922810999
"425",2021-04-03,0.841245200935482,0.834732390137664,0.84778297099429
"426",2021-04-04,0.823434614034714,0.816922970134607,0.829971750019979
"427",2021-04-05,0.789560619878195,0.783108751254472,0.796038591811778
"428",2021-04-06,0.788933652183097,0.782394862720023,0.795499275893333
"429",2021-04-07,0.806625506542034,0.799915087749581,0.81336356731598
"430",2021-04-08,0.806571079116573,0.799761545610171,0.81340908086019
"431",2021-04-09,0.812024324173435,0.805090569669195,0.818987398217631
"432",2021-04-10,0.841059170301487,0.833899180224275,0.848249344740366
"433",2021-04-11,0.867114745572507,0.859747067059328,0.874513424318439
"434",2021-04-12,0.903796842489917,0.89618590675788,0.911439515461579
"435",2021-04-13,0.905492679420136,0.897801591463309,0.913216117070141
"436",2021-04-14,0.901224558692536,0.893487153268497,0.908994861170547
"437",2021-04-15,0.895761540229905,0.887986556892621,0.903569945086366
"438",2021-04-16,0.90330723963143,0.895438330944066,0.911210096770802
"439",2021-04-17,0.893472989023215,0.885588578579912,0.901391858882177
"440",2021-04-18,0.902304263827918,0.894320076098632,0.910323443220092
"441",2021-04-19,0.901580855064885,0.893540661631426,0.909656562479672
"442",2021-04-20,0.913169426188333,0.905018357845526,0.921356531689174
"443",2021-04-21,0.924938103117981,0.91667846562233,0.933234273413071
"444",2021-04-22,0.934812069412827,0.926457128345068,0.943203996514692
"445",2021-04-23,0.94157163654195,0.933140541101058,0.950040125261515
"446",2021-04-24,0.950921011265637,0.942406822245287,0.95947295932151
"447",2021-04-25,0.946619002005514,0.938088469790742,0.955187611709601
"448",2021-04-26,0.938987765573721,0.930457592833366,0.947556323417038
"449",2021-04-27,0.921587880894578,0.913101815953198,0.93011265462884
"450",2021-04-28,0.903691695652989,0.895247348889289,0.91217513324795
"451",2021-04-29,0.879221935572495,0.870843655749168,0.887639771563467
"452",2021-04-30,0.851374732194797,0.843070003671831,0.859719601124841
"453",2021-05-01,0.842200694950801,0.833865699664022,0.850576567092994
"454",2021-05-02,0.824542452839802,0.816210169476731,0.832916465634259
"455",2021-05-03,0.80775063207923,0.799407540008356,0.816136436401704
"456",2021-05-04,0.796138619047126,0.787748039868105,0.804573032753571
"457",2021-05-05,0.791849482101837,0.783362943923203,0.800381110065797
"458",2021-05-06,0.788411162313599,0.779816469082698,0.797052307865145
"459",2021-05-07,0.788752809003668,0.780022875421558,0.797530651510639
"460",2021-05-08,0.771103020941651,0.762335143062981,0.779920338706335
"461",2021-05-09,0.770086971923038,0.761178715700342,0.779046336179391
"462",2021-05-10,0.758647110890393,0.749653487631889,0.76769361947608
"463",2021-05-11,0.746264612440193,0.737185090404444,0.755398937713133
"464",2021-05-12,0.728850820370831,0.719709666525976,0.738048861826101
"465",2021-05-13,0.721711792804122,0.712434301398607,0.731048470262609
"466",2021-05-14,0.710553446094856,0.701156373009292,0.720012205758605
"467",2021-05-15,0.707675133638823,0.698092915420241,0.717321764145308
"468",2021-05-16,0.701460373760782,0.691706725219219,0.711281363457273
"469",2021-05-17,0.680415371197256,0.670588710384368,0.690312518161887
"470",2021-05-18,0.678147292868078,0.668099983657842,0.688268549412405
"471",2021-05-19,0.672817360497562,0.662560841914515,0.683151565067246
"472",2021-05-20,0.6708454226664,0.660343017029452,0.681429540015916
"473",2021-05-21,0.671779300545329,0.660997274090912,0.682647344932325
"474",2021-05-22,0.669554480347824,0.658509258529294,0.680690291015432
"475",2021-05-23,0.677124558044404,0.665724261065989,0.688620299190505
"476",2021-05-24,0.682035960792253,0.670294779143962,0.693877669790616
"477",2021-05-25,0.67838873789173,0.666375727851433,0.690507575830094
"478",2021-05-26,0.682491621732471,0.670129711065293,0.694964945695201
"479",2021-05-27,0.687465769678002,0.674738922353397,0.700309874522781
"480",2021-05-28,0.697544089460201,0.684397042710152,0.710814477291371
"481",2021-05-29,0.705270973151105,0.691721570124981,0.718949970670742
"482",2021-05-30,0.70845554025799,0.694545628269953,0.722501449582614
"483",2021-05-31,0.695481803790386,0.681372521966861,0.709733666243648
"484",2021-06-01,0.703458650385382,0.688927017329592,0.71813984069196
"485",2021-06-02,0.702810956993883,0.687939807068683,0.717838918185692
"486",2021-06-03,0.708226622196442,0.692943413241196,0.723674221059175
"487",2021-06-04,0.716121703497665,0.700392529404799,0.732023114915273
"488",2021-06-05,0.728242668458366,0.712015075580251,0.744650564748435
"489",2021-06-06,0.727548806588786,0.710967238652463,0.744318857351981
"490",2021-06-07,0.729679889088311,0.712709400670431,0.746847275333413
"491",2021-06-08,0.71144465268284,0.694326214343305,0.728768655239631
"492",2021-06-09,0.704300671492523,0.686891311332072,0.72192486989063
"493",2021-06-10,0.69532239712715,0.677632362616049,0.713237199068952
"494",2021-06-11,0.666473660034066,0.648752793605154,0.684429977422187
"495",2021-06-12,0.651058504550462,0.633111090310302,0.66925326860368
"496",2021-06-13,0.653627943077509,0.635174508035806,0.67234193210088
"497",2021-06-14,0.649218559162275,0.630334938922034,0.668376994770878
"498",2021-06-15,0.640804175545629,0.621530559460278,0.660367980072647
"499",2021-06-16,0.636066787106678,0.616326722018912,0.656113672411564
"500",2021-06-17,0.621636533369356,0.60156591196113,0.642031905574213
"501",2021-06-18,0.626562207021912,0.605818273399286,0.647650462000419
"502",2021-06-19,0.624571606744935,0.603245593863602,0.646262887734157
"503",2021-06-20,0.626441081098976,0.604443538862739,0.648826288525331
"504",2021-06-21,0.612335808639398,0.58993798931006,0.635145093642576
"505",2021-06-22,0.633799299008686,0.610313136240095,0.657722671645879
"506",2021-06-23,0.640829018378795,0.616505076698068,0.665616986362762
"507",2021-06-24,0.657264066849724,0.631904899489022,0.683115144053537
"508",2021-06-25,0.680760352067501,0.654217985416279,0.707823110533032
"509",2021-06-26,0.710611977884553,0.682766287302916,0.739006415709168
"510",2021-06-27,0.745778652128642,0.716549038189322,0.775584404508047
"511",2021-06-28,0.795534902141929,0.764683522818919,0.826987855589934
"512",2021-06-29,0.84350301525393,0.811153781948705,0.87647590502834
"513",2021-06-30,0.91414132768022,0.879982141735239,0.948941853319067
"514",2021-07-01,1.01103746363299,0.974781429630762,1.04794624721724
"515",2021-07-02,1.0815201335379,1.04392991632626,1.11976592924769
"516",2021-07-03,1.15242738653199,1.11376958390099,1.19173547311123
"517",2021-07-04,1.21016196221823,1.17092845509623,1.2500329473941
"518",2021-07-05,1.27571198468421,1.23601534778373,1.31602729650205
"519",2021-07-06,1.317792549375,1.27823201190383,1.35794757587399
"520",2021-07-07,1.34088621704206,1.30191451854908,1.38042462858633
"521",2021-07-08,1.33895396393632,1.30103314526607,1.37741191724115
"522",2021-07-09,1.40048598795571,1.36277030770965,1.43870930546559
"523",2021-07-10,1.45515244586169,1.41787111626402,1.49291083837597
"524",2021-07-11,1.48513671126565,1.44873359486156,1.5219852474256
"525",2021-07-12,1.56235217114142,1.5263557937459,1.59876223922178
"526",2021-07-13,1.64595369185123,1.61047365337528,1.68181493980846
"527",2021-07-14,1.75711648317543,1.7220647812151,1.7925164265092
"528",2021-07-15,1.82485953077107,1.79088714802353,1.85914668491794
"529",2021-07-16,1.80477989247034,1.77278251598608,1.837059486626
"530",2021-07-17,1.75747005695867,1.72758696590759,1.78760583625984
"531",2021-07-18,1.73523809883098,1.70709331150346,1.76360981438896
"532",2021-07-19,1.69672376383771,1.67030502235221,1.72334692554234
"533",2021-07-20,1.66433029001565,1.63943661284196,1.68940894356551
"534",2021-07-21,1.59320879682907,1.56998650524803,1.6165992134563
"535",2021-07-22,1.51064755071695,1.48901193310993,1.53243706009453
"536",2021-07-23,1.44672103320748,1.42637266400661,1.46721152354831
"537",2021-07-24,1.39286049072613,1.37359111960893,1.41226222335137
"538",2021-07-25,1.34829431913166,1.32992712936323,1.36678572819517
"539",2021-07-26,1.32723785914162,1.30952377654837,1.34506930093027
"540",2021-07-27,1.29500544551894,1.27795784798653,1.31216443243616
"541",2021-07-28,1.25867868138697,1.24226674728712,1.27519682577641
"542",2021-07-29,1.22269828511875,1.2068651397138,1.23863318595975
"543",2021-07-30,1.1945541796742,1.17919903648594,1.21000727723518
"544",2021-07-31,1.16236869328069,1.14747603026049,1.17735604838546
"545",2021-08-01,1.14839762906435,1.13381128245784,1.163075912522
"546",2021-08-02,1.13605789563902,1.12174033422062,1.15046499459494
"547",2021-08-03,1.12101248632993,1.1069595274456,1.13515285863623
"548",2021-08-04,1.1137614324671,1.09990501410309,1.12770338552182
"549",2021-08-05,1.11099117676063,1.09728996134179,1.12477622547661
"550",2021-08-06,1.10337471765803,1.08984962755967,1.11698206045412
"551",2021-08-07,1.0967672873318,1.08340265278889,1.11021271545483
"552",2021-08-08,1.06962890928939,1.0565418389,1.08279541975645
"553",2021-08-09,1.05508825416734,1.04218362972753,1.06807118350662
"554",2021-08-10,1.0485055063938,1.0357192945246,1.06136907394864
"555",2021-08-11,1.02637279918881,1.01379011215915,1.03903201676469
"556",2021-08-12,1.01286742937724,1.00041998772208,1.02539076499508
"557",2021-08-13,1.00202219383321,0.98968050392515,1.01443930217386
"558",2021-08-14,0.996212558722407,0.983934884316674,1.00856530676105
"559",2021-08-15,0.9929721114164,0.980734858745335,1.0052841875701
"560",2021-08-16,0.994270085984373,0.982040336835649,1.00657446844679
"561",2021-08-17,0.990072628932777,0.977882946756995,1.00233677097236
"562",2021-08-18,1.00675514839499,0.994475208460851,1.01910939852453
"563",2021-08-19,1.0086503194074,0.996378448748171,1.02099626205366
"564",2021-08-20,1.01088239713115,0.998621928910859,1.02321663510124
"565",2021-08-21,1.00734533540162,0.995135969924034,1.01962811352545
"566",2021-08-22,1.00534683331506,0.99318127267083,1.01758542495087
"567",2021-08-23,0.99128028027115,0.979233239695683,1.00339995391983
"568",2021-08-24,0.96507583267306,0.953218288259459,0.977005658583888
"569",2021-08-25,0.938614960226379,0.926937792767528,0.950364208548571
"570",2021-08-26,0.91422173913109,0.902698032409664,0.92581752353321
"571",2021-08-27,0.895815995012081,0.884391995129085,0.90731229143176
"572",2021-08-28,0.884783231145835,0.873396699305648,0.89624248589351
"573",2021-08-29,0.866293949200203,0.854981235741912,0.877679984692822
"574",2021-08-30,0.852036471513561,0.840757201918812,0.863389856568172
"575",2021-08-31,0.839850175777994,0.828577942053241,0.851197513488332
"576",2021-09-01,0.849838757247712,0.838411471742261,0.861342320842281
"577",2021-09-02,0.856183647842336,0.844622077125786,0.867822723487981
"578",2021-09-03,0.860599157785808,0.84891518959448,0.872361877360307
"579",2021-09-04,0.862174044690528,0.850386978488719,0.874041115575909
"580",2021-09-05,0.867897795526262,0.855978824263571,0.879898035106029
"581",2021-09-06,0.862387613615448,0.850415339154346,0.874442414976978
"582",2021-09-07,0.866617288845617,0.854520650532097,0.878797769457301
"583",2021-09-08,0.844011331741903,0.831978975776616,0.856128875766855
"584",2021-09-09,0.839219157194672,0.827113202512189,0.85141184500762
"585",2021-09-10,0.837529786899848,0.825318731517248,0.849829272762475
"586",2021-09-11,0.83197757126774,0.819683180335557,0.844362210926756
"587",2021-09-12,0.830255033021214,0.817841479880133,0.842760791729608
"588",2021-09-13,0.831286522893239,0.818726647916784,0.843940680241246
"589",2021-09-14,0.833907351572292,0.821184334915441,0.846726818874212
"590",2021-09-15,0.840207001060828,0.827290074322146,0.853222601201133
"591",2021-09-16,0.843812493610813,0.830722795455005,0.857003096489397
"592",2021-09-17,0.845960000626072,0.832709301239913,0.859313847513993
"593",2021-09-18,0.854783368919808,0.841319149259201,0.868352992406974
"594",2021-09-19,0.855484182331654,0.841874116739242,0.869201867858934
"595",2021-09-20,0.845257509366169,0.831591433673055,0.859033419630092
"596",2021-09-21,0.836763815401682,0.82302459396074,0.850615191272115
"597",2021-09-22,0.831220683268571,0.81737746395597,0.845178534059485
"598",2021-09-23,0.83455093473529,0.820521448930697,0.848697696972438
"599",2021-09-24,0.839728853934252,0.825492984822807,0.854084739242819
"600",2021-09-25,0.841561728931475,0.827146736173919,0.856099519909836
"601",2021-09-26,0.848259538090619,0.833622205133911,0.863022494845201
"602",2021-09-27,0.864686007118331,0.84974310617723,0.87975734611739
"603",2021-09-28,0.87315512042634,0.857983910067847,0.888457445604635
"604",2021-09-29,0.871677418826861,0.856373429121418,0.887115066784699
"605",2021-09-30,0.866330594751554,0.850932565883579,0.881864779377449
"606",2021-10-01,0.872130741533877,0.856538557917583,0.887861614910091
"607",2021-10-02,0.877086159827605,0.861309496225608,0.893004019938308
"608",2021-10-03,0.876813893780548,0.860904236717932,0.89286719378936
"609",2021-10-04,0.870946958398366,0.854957520981708,0.88708247598515
"610",2021-10-05,0.871029533329574,0.854902979768269,0.887304680702375
"611",2021-10-06,0.873819210127776,0.857528908301871,0.890260664359857
"612",2021-10-07,0.873166392282064,0.856745095802066,0.889741409317702
"613",2021-10-08,0.864280151726814,0.847805820556145,0.880910808662176
"614",2021-10-09,0.864019280451339,0.847403212839478,0.880794436842842
"615",2021-10-10,0.890252463181586,0.873233666102862,0.90743322710917
"616",2021-10-11,0.904701421114027,0.887406405891327,0.922161031936738
"617",2021-10-12,0.916865293089582,0.899330199306318,0.934567339801041
"618",2021-10-13,0.950568884670671,0.93260193849692,0.968704874786724
"619",2021-10-14,0.991047423047293,0.972616851130877,1.00964858421365
"620",2021-10-15,1.02543492495583,1.00664486444983,1.04439632488925
"621",2021-10-16,1.06514547243205,1.04599822091509,1.08446397662415
"622",2021-10-17,1.09029699796646,1.07098034960605,1.10978389970855
"623",2021-10-18,1.14492792597397,1.12523183364196,1.16479253668875
"624",2021-10-19,1.19659761747307,1.17662444001456,1.21673656281108
"625",2021-10-20,1.22909804579091,1.2090861106371,1.2492719592395
"626",2021-10-21,1.2608322883399,1.24084931944522,1.28097266781259
"627",2021-10-22,1.28937645158782,1.26950136455453,1.3094037738772
"628",2021-10-23,1.30411498077764,1.28449813834858,1.3238784247221
"629",2021-10-24,1.29901297775387,1.2798280020933,1.31833870258807
"630",2021-10-25,1.29065444616465,1.27192510733178,1.30951877945396
"631",2021-10-26,1.26890810490841,1.25071909781771,1.28722660027011
"632",2021-10-27,1.25489147261314,1.23716086093152,1.27274648974542
"633",2021-10-28,1.236239279186,1.21897493961326,1.25362333690854
"634",2021-10-29,1.20118890533781,1.18447735756006,1.21801589760599
"635",2021-10-30,1.18400981432185,1.16768881223981,1.20044251861628
"636",2021-10-31,1.15452084483382,1.13864568112567,1.17050438892914
"637",2021-11-01,1.15835603525531,1.14266539632847,1.17415218837059
"638",2021-11-02,1.19581123229231,1.18006943855438,1.21165588326376
"639",2021-11-03,1.23558311299421,1.21979902067873,1.25146726794755
"640",2021-11-04,1.26026629582524,1.24457101153096,1.27605856662699
"641",2021-11-05,1.29023735458151,1.27462735757314,1.30594104183682
"642",2021-11-06,1.28417902760908,1.26889971638818,1.29954851607641
"643",2021-11-07,1.30053372225536,1.28545637795146,1.31569775817883
"644",2021-11-08,1.31272854915733,1.2978882327879,1.32765206068997
"645",2021-11-09,1.29315858332601,1.27874060435073,1.30765627179555
"646",2021-11-10,1.26567661463541,1.2517095514782,1.2797200993385
"647",2021-11-11,1.24381821516213,1.23024509980162,1.25746476567549
"648",2021-11-12,1.2260398555716,1.21281281071238,1.23933764548616
"649",2021-11-13,1.22557196689899,1.21257542828354,1.23863682614277
"650",2021-11-14,1.2250284788746,1.21225136016083,1.23787165434619
"651",2021-11-15,1.23216393759978,1.21955905862213,1.24483272574992
"652",2021-11-16,1.23819648387145,1.22576825694517,1.25068653258044
"653",2021-11-17,1.23839917163961,1.22617681642575,1.25068130268569
"654",2021-11-18,1.24136082301616,1.22932880778931,1.25345062349273
"655",2021-11-19,1.23441475515919,1.22261930807203,1.2462660462297
"656",2021-11-20,1.23481984704658,1.22321973831035,1.24647394342599
"657",2021-11-21,1.21672308819218,1.20540028349019,1.22809809296547
"658",2021-11-22,1.21271506481081,1.2015916220768,1.2238890487554
"659",2021-11-23,1.20169563907429,1.19079521347523,1.21264504215934
"660",2021-11-24,1.19379033431557,1.18308848258658,1.2045397054426
"661",2021-11-25,1.18356805824243,1.17306573683517,1.19411653678341
"662",2021-11-26,1.1798117675436,1.16947060966515,1.19019781687815
"663",2021-11-27,1.162189445578,1.15206295091365,1.17235963891562
"664",2021-11-28,1.15591781365557,1.14594512121182,1.16593311558477
"665",2021-11-29,1.14608594245968,1.13627408459924,1.15593939898556
"666",2021-11-30,1.13765364047312,1.12798798207092,1.14735996500842
"667",2021-12-01,1.16021915579478,1.15056165355879,1.16991646256047
"668",2021-12-02,1.15483980859573,1.14531211433533,1.1644064235785
"669",2021-12-03,1.1516566986898,1.1422481858644,1.16110326798829
"670",2021-12-04,1.15050907629997,1.14120898270248,1.15984638983484
"671",2021-12-05,1.14691194922562,1.13772794176839,1.1561323657094
"672",2021-12-06,1.14973723618721,1.14064076947192,1.15886933167847
"673",2021-12-07,1.15444048887555,1.14542360556912,1.16349223588921
"674",2021-12-08,1.13475536513304,1.12591366302155,1.143631170643
"675",2021-12-09,1.14515252301008,1.13636188629106,1.15397656235536
"676",2021-12-10,1.16276884971581,1.1540029184295,1.17156749068772
"677",2021-12-11,1.1748187020836,1.1661048967212,1.18356449582732
"678",2021-12-12,1.19040618902601,1.1817379994665,1.19910561634246
"679",2021-12-13,1.21102854332427,1.2023962389812,1.21969129745168
"680",2021-12-14,1.22972818137474,1.2211495148383,1.23833646093869
"681",2021-12-15,1.23737416008738,1.22889798060311,1.24587906883431
"682",2021-12-16,1.23334317986616,1.22501485722032,1.24169932752526
"683",2021-12-17,1.23048554525316,1.2223007707117,1.23869725494528
"684",2021-12-18,1.23623240466291,1.22816092453926,1.24432995606495
"685",2021-12-19,1.25412866599318,1.24613206721209,1.26215048748067
"686",2021-12-20,1.322249474192,1.31417884512056,1.33034446823268
"687",2021-12-21,1.38036930268255,1.37228655673278,1.38847545497886
"688",2021-12-22,1.44333246591525,1.43525746382009,1.45142980753089
"689",2021-12-23,1.4961935478352,1.48819032525905,1.50421793667012
"690",2021-12-24,1.54776334582779,1.53986678725207,1.55567982122773
"691",2021-12-25,1.57737238290312,1.56966456939648,1.58509881431247
"692",2021-12-26,1.66797823583253,1.66033309646524,1.67564069400281
"693",2021-12-27,1.78558726580728,1.77798932701078,1.79320118094619
"694",2021-12-28,1.83474404727881,1.82738825836043,1.84211440745431
"695",2021-12-29,1.78469370202943,1.77779210184233,1.79160848840778
"696",2021-12-30,1.67448267370503,1.66812265285547,1.68085462907805
"697",2021-12-31,1.52475282684422,1.51895808916241,1.53055844473555
"698",2022-01-01,1.44973806765798,1.44430807341577,1.4551781095973
"699",2022-01-02,1.33535722306575,1.33032335643157,1.34040046463967
"700",2022-01-03,1.22307948340152,1.2183971130061,1.22777071009018
"701",2022-01-04,1.09682828343305,1.09248998805992,1.10117505697411
"702",2022-01-05,0.995793716718079,0.991719006076651,0.99987666600741
"703",2022-01-06,0.917333774528021,0.913451138705963,0.921224530946466
"704",2022-01-07,0.87248620887165,0.868703220898232,0.876277302639011
"705",2022-01-08,0.771646445322093,0.768075149736591,0.775225910121664
"706",2022-01-09,0.668933543157658,0.665574673090846,0.672300750708316
"707",2022-01-10,0.524153204065444,0.52112852487982,0.527186514888418
"708",2022-01-11,0.407181222898099,0.404443723504455,0.409927828093274
"709",2022-01-12,0.307266390787333,0.304800786280698,0.309741790420883
